VAL(80),0.18958948641774281
ASP(181),0.19909613547183094
SER(195),0.18044777663417486
GLN(119),0.19506489919911627
GLY(198),0.19803066853558476
CYS(41),0.23062880059283797
HIS(103),0.17214522859880974
ASP(105),0.2086023841061154
SER(71),0.15450907978389405
SER(52),0.22833843017329256
ASN(214),0.2044334975369458
ASP(111),0.1996792301523657
LYS(156),0.19002411236717381
ASN(28),0.17341341978021174
ALA(201),0.20227037076100296
PHE(221),0.21379605826906597
VAL(163),0.261319984412366
ILE(83),0.2132182109459409
PRO(57),0.19732513176533645
ALA(213),0.18729096989966554
GLY(122),0.2387921963108542
GLU(144),0.2028985507246377
VAL(59),0.2660332541567696
THR(45),0.21469838938526464
ILE(109),0.22026811258852136
LYS(135),0.1564070351758794
ALA(176),0.18267371872001345
GLY(62),0.2346135224424698
LEU(53),0.20243902439024392
SER(203),0.21237384183618802
TRP(90),0.2428722250201156
VAL(227),0.24292682926829268
LYS(69),0.1843079200592154
GLN(18),0.1440972222222222
ASP(157),0.17659609998712336
VAL(154),0.2062465149994424
VAL(51),0.18448681106538692
GLU(34),0.19366684842916537
