VAL(80),101.4690418205499
ASP(181),81.33199742235955
SER(195),241.85454776013435
GLN(119),27.437793716155024
GLY(198),190.5255984938538
CYS(41),287.036020728504
HIS(103),28.136721283866137
ASP(105),379.28104100815534
SER(71),56.26363027839095
SER(52),412.6080805178599
ASN(214),350.6096474410306
ASP(111),53.879898449940896
LYS(156),464.50599882729625
ASN(28),494.5585203327485
ALA(201),549.907184220662
PHE(221),337.6502842980402
VAL(163),2004.4240929364944
ILE(83),1153.9782323251764
PRO(57),46.66699918867887
ALA(213),16.926118092764003
GLY(122),747.7033467448155
GLU(144),1.6698240526859434
VAL(59),1099.7045705394196
THR(45),104.1636070546385
ILE(109),1078.898387420496
LYS(135),9.314713139583107
ALA(176),534.2419261335757
GLY(62),635.5867991057684
LEU(53),669.619173052003
SER(203),406.3205320294594
TRP(90),1273.7310379460923
VAL(227),1383.1204528250555
LYS(69),224.2906336041512
GLN(18),36.72490876888752
ASP(157),5.061909529257926
VAL(154),815.9594383541419
VAL(51),272.6213300991842
GLU(34),62.200391460355384
